Link,Company,Title,Exp,Edu
https://www.jobkorea.co.kr/Recruit/GI_Read/41183486?Oem_Code=C1&logpath=1&stext=러시아&listno=,㈜아성다이소,2023년 상반기 아성다이소 및 관계사 신입/경력사원 공개채용,신입·경력,대졸↑
https://www.jobkorea.co.kr/Recruit/GI_Read/41116963?Oem_Code=C1&logpath=1&stext=러시아&listno=,㈜에이알컴즈,"백엔드 개발자 경력직 채용 (PHP/CodeIgniter, Python)",경력2년↑,학력무관
https://www.jobkorea.co.kr/Recruit/GI_Read/41072908?Oem_Code=C1&logpath=1&stext=러시아&listno=,농업회사법인에피젠,"웹개발자,프론트엔드,PHP,자바스크립트,API연동,파이썬",경력1년↑,초대졸↑
https://www.jobkorea.co.kr/Recruit/GI_Read/41127211?Oem_Code=C1&logpath=1&stext=러시아&listno=,㈜페이타랩,"[패스오더] 급성장중인 스타트업 `백엔드 개발자` 채용(Spring, Python, MSA)",신입·경력1년↑,학력무관
https://www.jobkorea.co.kr/Recruit/GI_Read/41051576?Oem_Code=C1&logpath=1&stext=러시아&listno=,소프트온,"JAVA, R/Python , 데이터 컨설팅 개발 경력자 채용 (정규직/프리랜서)",경력7년↑,학력무관
https://www.jobkorea.co.kr/Recruit/GI_Read/41016889?Oem_Code=C1&logpath=1&stext=러시아&listno=,유비넷트,"일본 도쿄, 시스템 개발, 모바일 앱개발,JAVA, Python, 화상 인식 개발",경력3년↑,대졸↑
https://www.jobkorea.co.kr/Recruit/GI_Read/41092933?Oem_Code=C1&logpath=1&stext=러시아&listno=,㈜메디터레이니언웍스,"웹, 응용프로그램 경력직 (.NET, JAVA, Python 등)",경력,학력무관
https://www.jobkorea.co.kr/Recruit/GI_Read/41101287?Oem_Code=C1&logpath=1&stext=러시아&listno=,㈜그루넷,빅데이터/DataAnalysis/Python/JAVA/SAS 인재 채용,신입·경력1년↑,초대졸↑
https://www.jobkorea.co.kr/Recruit/GI_Read/41051973?Oem_Code=C1&logpath=1&stext=러시아&listno=,㈜컴투스,[컴투스 그룹] 각 부문별 경력/신입 인재채용,신입·경력,학력무관
https://www.jobkorea.co.kr/Recruit/GI_Read/41064246?Oem_Code=C1&logpath=1&stext=러시아&listno=,(재)국제인재능력개발원,프로그래밍강사 모집(자바 c언어 파이썬등),경력1년↑,학력무관
https://www.jobkorea.co.kr/Recruit/GI_Read/41215925?Oem_Code=C1&logpath=1&stext=러시아&listno=,온라인팜㈜,[한미약품 관계사] 2023년 온라인팜 각 부문 신입/경력 채용,신입·경력,학력무관
https://www.jobkorea.co.kr/Recruit/GI_Read/41096514?Oem_Code=C1&logpath=1&stext=러시아&listno=,㈜이루웰,[재택] 파이썬 gui 개발 응용프로그램개발자 모집,신입·경력3년↑,학력무관
https://www.jobkorea.co.kr/Recruit/GI_Read/41102785?Oem_Code=C1&logpath=1&stext=러시아&listno=,데이터메쉬,DB 엔지니어 및 Python 인재 채용,경력무관,대졸↑
https://www.jobkorea.co.kr/Recruit/GI_Read/41042365?Oem_Code=C1&logpath=1&stext=러시아&listno=,㈜케이씨산업,2023년 상반기 각 부문 신입/경력직 채용,신입·경력,학력무관
https://www.jobkorea.co.kr/Recruit/GI_Read/41055081?Oem_Code=C1&logpath=1&stext=러시아&listno=,㈜어밸브,"AI(딥러닝) 개발자 채용 (Python, Pytorch, Ubuntu 경험자, AI에 대한 기본적 이해가 있으신 분)",경력무관,학력무관
https://www.jobkorea.co.kr/Recruit/GI_Read/41039844?Oem_Code=C1&logpath=1&stext=러시아&listno=,피앤씨테크놀러지㈜,파이썬 Django 백엔드 개발자 모집,신입,초대졸↑
https://www.jobkorea.co.kr/Recruit/GI_Read/40967761?Oem_Code=C1&logpath=1&stext=러시아&listno=,리디㈜,[리디 ㈜] 2023 상반기 RIDI 웹툰 스튜디오 공개채용,신입·경력,학력무관
https://www.jobkorea.co.kr/Recruit/GI_Read/41102125?Oem_Code=C1&logpath=1&stext=러시아&listno=,㈜몽태랑인터내셔날,응용 소프트웨어 개발자(PYTHON) 경력직 채용,경력3년↑,대졸↑
https://www.jobkorea.co.kr/Recruit/GI_Read/41119443?Oem_Code=C1&logpath=1&stext=러시아&listno=,GS네오텍㈜,2023년 GS네오텍 정규직 신입.경력사원/PJT전문직 채용,신입·경력,대졸↑
https://www.jobkorea.co.kr/Recruit/GI_Read/41026652?Oem_Code=C1&logpath=1&stext=러시아&listno=,㈜팀벨,"자사 솔루션 개발자 모집(Linux, Python개발자)",경력3년↑,학력무관
https://www.jobkorea.co.kr/Recruit/GI_Read/41019632?Oem_Code=C1&logpath=1&stext=러시아&listno=,㈜파인데이터랩,"IT개발·데이터(Javascript, Python,데이터베이스) 채용합니다",경력무관,초대졸↑
https://www.jobkorea.co.kr/Recruit/GI_Read/41131139?Oem_Code=C1&logpath=1&stext=러시아&listno=,㈜디에이피,(주)디에이피 안성공장 2023년 상반기 채용(기숙사 있음),신입·경력,학력무관
https://www.jobkorea.co.kr/Recruit/GI_Read/41055022?Oem_Code=C1&logpath=1&stext=러시아&listno=,㈜어밸브,"드론 주행 소프트웨어 개발자 채용 (Python 경험자, OpenCV 및 이미지 처리에 대한 기본적인 이해가 있으신 분)",경력무관,학력무관
https://www.jobkorea.co.kr/Recruit/GI_Read/41092334?Oem_Code=C1&logpath=1&stext=러시아&listno=,㈜티엔블루,[양재] Python 중급이상 00전자 Thinq admin 개발/운영,경력6년↑,초대졸↑
https://www.jobkorea.co.kr/Recruit/GI_Read/41029072?Oem_Code=C1&logpath=1&stext=러시아&listno=,㈜시리오,백앤드/Python/Node.js 개발자 모집,경력무관,학력무관
https://www.jobkorea.co.kr/Recruit/GI_Read/41040407?Oem_Code=C1&logpath=1&stext=러시아&listno=,㈜에코마린,"Python, 데이터 분석, 응용프로그램 개발",경력무관,대졸↑
https://www.jobkorea.co.kr/Recruit/GI_Read/41198923?Oem_Code=C1&logpath=1&stext=러시아&listno=,현대건설,2023년 현대건설 상반기 경력공채 [토목/플랜트/R&D분야],경력,학력무관
https://www.jobkorea.co.kr/Recruit/GI_Read/41130554?Oem_Code=C1&logpath=1&stext=러시아&listno=,국방과학연구소,'23년 상반기 임용 정규직 / 고경력 전문인력 / 개방형직위 수시 공개채용 공고,경력무관,고졸↑
https://www.jobkorea.co.kr/Recruit/GI_Read/40854328?Oem_Code=C1&logpath=1&stext=러시아&listno=,기아㈜,각 부문 신입/경력직 채용,신입·경력,대졸↑
https://www.jobkorea.co.kr/Recruit/GI_Read/41086551?Oem_Code=C1&logpath=1&stext=러시아&listno=,㈜이랜서,(주)이랜서 공개 채용 - PYTHON 개발자,경력무관,대졸↑
https://www.jobkorea.co.kr/Recruit/GI_Read/41042365?Oem_Code=C1&logpath=1&stext=러시아&listno=,㈜케이씨산업,2023년 상반기 각 부문 신입/경력직 채용,신입·경력,학력무관
https://www.jobkorea.co.kr/Recruit/GI_Read/40641234?Oem_Code=C1&logpath=1&stext=러시아&listno=,인사이너리,개발자(Python) 경력직 채용,경력,대졸↑
https://www.jobkorea.co.kr/Recruit/GI_Read/41214175?Oem_Code=C1&logpath=1&stext=러시아&listno=,더이앤엠,2023년 각 부문 신입/경력 채용,신입·경력,학력무관
https://www.jobkorea.co.kr/Recruit/GI_Read/41125634?Oem_Code=C1&logpath=1&stext=러시아&listno=,한섬,현대백화점그룹 (주)한섬 수출입지원팀 사무행정 직원 채용 (경력무관),신입,초대졸↑
https://www.jobkorea.co.kr/Recruit/GI_Read/41185850?Oem_Code=C1&logpath=1&stext=러시아&listno=,㈜엘브리지아브노바,LB그룹 2023년 부문별 경력/신입 인재 초빙,신입·경력,학력무관
https://www.jobkorea.co.kr/Recruit/GI_Read/40794361?Oem_Code=C1&logpath=1&stext=러시아&listno=,이츠팀(ITsTEAM),임베디드 SW 개발자 채용 [C++/Python],신입,대졸↑
https://www.jobkorea.co.kr/Recruit/GI_Read/41255626?Oem_Code=C1&logpath=1&stext=러시아&listno=,㈜파마리서치,파마리서치 연구개발 및 강릉공장 채용,신입·경력,초대졸↑
https://www.jobkorea.co.kr/Recruit/GI_Read/41172627?Oem_Code=C1&logpath=1&stext=러시아&listno=,로지스올그룹,"LogisALL 신입/경력사원 채용(IT시스템 개발, 디자인&퍼블리싱, 전산지원)",신입·경력,초대졸↑
https://www.jobkorea.co.kr/Recruit/GI_Read/41212418?Oem_Code=C1&logpath=1&stext=러시아&listno=,㈜현대홈쇼핑,미디어커머스 C.I.C 직무별 상시채용,경력,학력무관
https://www.jobkorea.co.kr/Recruit/GI_Read/40680583?Oem_Code=C1&logpath=1&stext=러시아&listno=,㈜지아이티아카데미신촌,파이썬/자바/it 선생님 모십니다,경력1년↑,초대졸↑
https://www.jobkorea.co.kr/Recruit/GI_Read/41246182?Oem_Code=C1&logpath=1&stext=러시아&listno=,베스핀글로벌㈜,[베스핀글로벌 자회사] Bespin Global Tech Center 채용연계형 교육훈련생 3기 모집,경력무관,대졸↑
https://www.jobkorea.co.kr/Recruit/GI_Read/41240535?Oem_Code=C1&logpath=1&stext=러시아&listno=,에이에스엠엘코리아㈜,ASML CS 부서 경력 엔지니어 채용(한국/일본),경력2년↑,학력무관
https://www.jobkorea.co.kr/Recruit/GI_Read/41074931?Oem_Code=C1&logpath=1&stext=러시아&listno=,㈜한국자격검정평가진흥원,2023년 상반기 정규직 채용,신입·경력,학력무관
https://www.jobkorea.co.kr/Recruit/GI_Read/41191992?Oem_Code=C1&logpath=1&stext=러시아&listno=,SK이노베이션,2023년 상반기 SK이노베이션 계열 경력채용,경력,학력무관
https://www.jobkorea.co.kr/Recruit/GI_Read/41237742?Oem_Code=C1&logpath=1&stext=러시아&listno=,㈜엔씨소프트,엔씨소프트 부문별 수시 채용,신입·경력,학력무관
https://www.jobkorea.co.kr/Recruit/GI_Read/41051973?Oem_Code=C1&logpath=1&stext=러시아&listno=,㈜컴투스,[컴투스 그룹] 각 부문별 경력/신입 인재채용,신입·경력,학력무관
https://www.jobkorea.co.kr/Recruit/GI_Read/41176396?Oem_Code=C1&logpath=1&stext=러시아&listno=,오디오갤러리,2023년 상반기 각 부문별 신입 및 경력 채용,신입·경력,초대졸↑
https://www.jobkorea.co.kr/Recruit/GI_Read/41213146?Oem_Code=C1&logpath=1&stext=러시아&listno=,㈜하나금융티아이,[하나금융TI] 금융IT 경력사원 모집,경력,대졸↑
https://www.jobkorea.co.kr/Recruit/GI_Read/40840134?Oem_Code=C1&logpath=1&stext=러시아&listno=,㈜네스텍,C#/JAVA/파이썬 프로그래머 모집합니다 (완전초보 환영),경력무관,학력무관
https://www.jobkorea.co.kr/Recruit/GI_Read/40828487?Oem_Code=C1&logpath=1&stext=러시아&listno=,누리꿈소프트㈜,"[정규직] 데이터분석 python,R 초급 또는 중급인원을 구인합니다.",경력2년↑,학력무관
https://www.jobkorea.co.kr/Recruit/GI_Read/41215501?Oem_Code=C1&logpath=1&stext=러시아&listno=,㈜경동나비엔,2023년 경동 상반기 관리/기술직 공개 채용,신입·경력,초대졸↑
https://www.jobkorea.co.kr/Recruit/GI_Read/41213146?Oem_Code=C1&logpath=1&stext=러시아&listno=,㈜하나금융티아이,[하나금융TI] 금융IT 경력사원 모집,경력,대졸↑
https://www.jobkorea.co.kr/Recruit/GI_Read/41202996?Oem_Code=C1&logpath=1&stext=러시아&listno=,미래에셋증권㈜,미래에셋증권 경력사원 채용,경력2년↑,학력무관
https://www.jobkorea.co.kr/Recruit/GI_Read/41230264?Oem_Code=C1&logpath=1&stext=러시아&listno=,삼성증권,해외주식 마케팅 업무지원 파트타이머 채용,신입·경력,학력무관
https://www.jobkorea.co.kr/Recruit/GI_Read/41191686?Oem_Code=C1&logpath=1&stext=러시아&listno=,㈜농협물류,2023년도 농협물류 상반기 부문별 신입/경력 채용,신입·경력1년↑,대졸↑
https://www.jobkorea.co.kr/Recruit/GI_Read/41209183?Oem_Code=C1&logpath=1&stext=러시아&listno=,㈜소만사,정보보안 소만사에서 채용 판도라 오픈,경력무관,초대졸↑
https://www.jobkorea.co.kr/Recruit/GI_Read/41176617?Oem_Code=C1&logpath=1&stext=러시아&listno=,GS건설㈜,GS건설 신사업 및 인프라 분야 정규직 경력사원 모집,경력,대졸↑
https://www.jobkorea.co.kr/Recruit/GI_Read/41223673?Oem_Code=C1&logpath=1&stext=러시아&listno=,㈔한국산업기술진흥협회,한국산업기술진흥협회 정규직 직원 공개채용 공고,신입,대졸↑
https://www.jobkorea.co.kr/Recruit/GI_Read/41204047?Oem_Code=C1&logpath=1&stext=러시아&listno=,잡코리아(유),[잡코리아] 신규 서비스 및 솔루션 개발,경력3년↑,대졸↑
https://www.jobkorea.co.kr/Recruit/GI_Read/41252806?Oem_Code=C1&logpath=1&stext=러시아&listno=,㈜포스코,2023년 상반기 포스코그룹 신입/경력 채용,신입·경력,대졸↑
https://www.jobkorea.co.kr/Recruit/GI_Read/40994620?Oem_Code=C1&logpath=1&stext=러시아&listno=,㈜펌프킨,"CS 응용프로그램 개발자 신규채용, 파이썬, C++",경력무관,학력무관
https://www.jobkorea.co.kr/Recruit/GI_Read/41212418?Oem_Code=C1&logpath=1&stext=러시아&listno=,㈜현대홈쇼핑,미디어커머스 C.I.C 직무별 상시채용,경력,학력무관
https://www.jobkorea.co.kr/Recruit/GI_Read/41014939?Oem_Code=C1&logpath=1&stext=러시아&listno=,에르타,통계/빅데이터 분야 Python 인력모집,경력무관,대졸↑
https://www.jobkorea.co.kr/Recruit/GI_Read/41202697?Oem_Code=C1&logpath=1&stext=러시아&listno=,현대자동차㈜,[현대자동차] 울산공장 계약직 채용(홍보사원/의전 운영 지원),경력무관,초대졸↑
https://www.jobkorea.co.kr/Recruit/GI_Read/40834481?Oem_Code=C1&logpath=1&stext=러시아&listno=,그린컴퓨터아카데미 의정부점,자바/파이썬 기반 빅데이터 개발자 종합반 강의하실 강사님 모십니다.,경력,학력무관
https://www.jobkorea.co.kr/Recruit/GI_Read/41212220?Oem_Code=C1&logpath=1&stext=러시아&listno=,버거킹 (㈜비케이알),2023년 4차 [신입&경력&희망3040] 정규직 운영관리직(Manager)채용,신입·경력,초대졸↑
https://www.jobkorea.co.kr/Recruit/GI_Read/40944330?Oem_Code=C1&logpath=1&stext=러시아&listno=,이벌브소프트,[이벌브소프트] Back End(Python) 개발자 채용,경력무관,초대졸↑
https://www.jobkorea.co.kr/Recruit/GI_Read/41199894?Oem_Code=C1&logpath=1&stext=러시아&listno=,㈜이연에프엔씨,2023년 각 부문별 수시 채용,신입·경력,초대졸↑
https://www.jobkorea.co.kr/Recruit/GI_Read/40935926?Oem_Code=C1&logpath=1&stext=러시아&listno=,바이오커넥트,(주)바이오커넥트 - [신입 및 경력] 생체정보 영상처리 알고리즘 개발(Python),경력무관,대졸↑
https://www.jobkorea.co.kr/Recruit/GI_Read/40821579?Oem_Code=C1&logpath=1&stext=러시아&listno=,피에로컴퍼니,"O2O 플랫폼 웹(백엔드) 개발자 python, django 인턴 정규직 채용",경력무관,학력무관
https://www.jobkorea.co.kr/Recruit/GI_Read/40814934?Oem_Code=C1&logpath=1&stext=러시아&listno=,㈜위존 강남사업장,[경력] Solution/SW 웹개발자 채용 - JAVA/SPRING/Python,경력,학력무관
https://www.jobkorea.co.kr/Recruit/GI_Read/40953229?Oem_Code=C1&logpath=1&stext=러시아&listno=,기술좋은직업전문학교,[국비전액무료] 빅데이터&자바&파이썬 전문인력 취업연계교육,신입·경력,학력무관
https://www.jobkorea.co.kr/Recruit/GI_Read/41209133?Oem_Code=C1&logpath=1&stext=러시아&listno=,㈜배상면주가,2023년 배상면주가 각 부문별 신입/경력 채용,신입·경력,초대졸↑
https://www.jobkorea.co.kr/Recruit/GI_Read/40809250?Oem_Code=C1&logpath=1&stext=러시아&listno=,㈜포디아이비젼,OpenCV/MATLAB/TensorFlow/Python/C/C++/Linux 알고리즘 개발 (팀원)(팀장),신입·경력3년↑,대졸↑
https://www.jobkorea.co.kr/Recruit/GI_Read/40909526?Oem_Code=C1&logpath=1&stext=러시아&listno=,더조은컴퓨터학원,"[더조은컴퓨터 구로캠퍼스] 빅데이터분석(파이썬, 자바)기반 AI(머신러닝,딥러닝) 강사 채용",경력무관,학력무관
https://www.jobkorea.co.kr/Recruit/GI_Read/40879213?Oem_Code=C1&logpath=1&stext=러시아&listno=,PENTAIN,"[동경] WebApplication개발자모집 (Java,Python경력자)",경력2년↑,대졸↑
https://www.jobkorea.co.kr/Recruit/GI_Read/40817293?Oem_Code=C1&logpath=1&stext=러시아&listno=,누리꿈소프트㈜,"[경력자] 데이터시각화 개발자 채용(Python,Spotfire)",경력2년↑,학력무관
https://www.jobkorea.co.kr/Recruit/GI_Read/41201932?Oem_Code=C1&logpath=1&stext=러시아&listno=,㈜파괴연구소,카카오계열 : 파괴연구소 우린 에어팟 끼고 일해요,신입·경력,학력무관
https://www.jobkorea.co.kr/Recruit/GI_Read/40767866?Oem_Code=C1&logpath=1&stext=러시아&listno=,(유)지니집코리아,WEB/Python/개발자 채용 (미국영주권스폰),경력2년↑,대졸↑
https://www.jobkorea.co.kr/Recruit/GI_Read/40967913?Oem_Code=C1&logpath=1&stext=러시아&listno=,오아시스스토리㈜,프로그래머 모십니다 [java/jsp /c#/python],경력무관,학력무관
https://www.jobkorea.co.kr/Recruit/GI_Read/40991763?Oem_Code=C1&logpath=1&stext=러시아&listno=,㈜제스엔지니어링,[채용] C# S/W or Python 개발자 경력 우대(사원주임대리과장급),경력무관,초대졸↑
https://www.jobkorea.co.kr/Recruit/GI_Read/40777455?Oem_Code=C1&logpath=1&stext=러시아&listno=,이맥스정보기술,"AI 개발자(python, django 유경험자) 모집",신입·경력1년↑,대졸↑
https://www.jobkorea.co.kr/Recruit/GI_Read/41138134?Oem_Code=C1&logpath=1&stext=러시아&listno=,㈜카카오,카카오 부문별 어시스턴트 모집,경력무관,학력무관
https://www.jobkorea.co.kr/Recruit/GI_Read/41173633?Oem_Code=C1&logpath=1&stext=러시아&listno=,㈜포스코케미칼,2023년 상반기 포스코케미칼 생산기술직(현장근무) 신입사원(채용형 인턴) 채용/직업훈련생 선발,신입·경력,학력무관
https://www.jobkorea.co.kr/Recruit/GI_Read/40875544?Oem_Code=C1&logpath=1&stext=러시아&listno=,㈜케이텍,"프로그램 개발자 모집(Machine Vision, AI(Python), C, C#, C++)",신입·경력5년↑,초대졸↑
https://www.jobkorea.co.kr/Recruit/GI_Read/41192184?Oem_Code=C1&logpath=1&stext=러시아&listno=,대림비앤코㈜,[대림바스] 부문별 신입 및 경력사원 채용,신입·경력,고졸↑
https://www.jobkorea.co.kr/Recruit/GI_Read/41213146?Oem_Code=C1&logpath=1&stext=러시아&listno=,㈜하나금융티아이,[하나금융TI] 금융IT 경력사원 모집,경력,대졸↑
https://www.jobkorea.co.kr/Recruit/GI_Read/40891129?Oem_Code=C1&logpath=1&stext=러시아&listno=,루먼랩㈜,"[루먼랩 주식회사] 백엔드(Python, NodeJS, NestJS) 개발자 채용",경력,학력무관
https://www.jobkorea.co.kr/Recruit/GI_Read/40960309?Oem_Code=C1&logpath=1&stext=러시아&listno=,시프트원㈜,"[Cloud/A.I./Datalake] B/E (Python, Go, Java) 개발자 채용",경력3년↑,대졸↑
https://www.jobkorea.co.kr/Recruit/GI_Read/40991968?Oem_Code=C1&logpath=1&stext=러시아&listno=,㈜엠아이티능력개발원,[국비전액무료] IT 취업 파이썬/인공지능/빅데이터 교육훈련생 모집,경력무관,학력무관
https://www.jobkorea.co.kr/Recruit/GI_Read/41263369?Oem_Code=C1&logpath=1&stext=러시아&listno=,한국과학기술연구원,2023년 3월 연수직(Post-Doc./인턴연구원) 공개채용,신입·경력,대졸↑
https://www.jobkorea.co.kr/Recruit/GI_Read/41257590?Oem_Code=C1&logpath=1&stext=러시아&listno=,㈜트랜스코스모스,[TCK] 당사 고객상담 DATA 활용 분석 및 기획 담당자 (여의도) oy7R,경력,학력무관
https://www.jobkorea.co.kr/Recruit/GI_Read/41254829?Oem_Code=C1&logpath=1&stext=러시아&listno=,아이투맥스,[Salesforce/업계 1위] E-커머스 플랫폼 개발자(신입/경력) 채용,신입·경력3년↑,학력무관
https://www.jobkorea.co.kr/Recruit/GI_Read/41257600?Oem_Code=C1&logpath=1&stext=러시아&listno=,인카금융서비스㈜,DBA 인력 채용,경력2년↑,학력무관
https://www.jobkorea.co.kr/Recruit/GI_Read/41248940?Oem_Code=C1&logpath=1&stext=러시아&listno=,㈜비타소프트,"인공지능(딥러닝)개발자, 빅데이터 분석 (병역 특례, 보충역 가능) 모십니다",경력무관,학력무관
https://www.jobkorea.co.kr/Recruit/GI_Read/41257547?Oem_Code=C1&logpath=1&stext=러시아&listno=,인카금융서비스㈜,IT 개발 인력 대규모채용,신입·경력,학력무관
https://www.jobkorea.co.kr/Recruit/GI_Read/41258504?Oem_Code=C1&logpath=1&stext=러시아&listno=,㈜네오랩컨버전스,2023년 상반기 경력사원 채용 (해외영업/안드로이드개발),신입·경력3년↑,학력무관
https://www.jobkorea.co.kr/Recruit/GI_Read/41254266?Oem_Code=C1&logpath=1&stext=러시아&listno=,㈜셀바스에이아이,[셀바스AI] NLP 개발자 인재 채용 - 경력,경력7년↑,대졸↑
https://www.jobkorea.co.kr/Recruit/GI_Read/41254032?Oem_Code=C1&logpath=1&stext=러시아&listno=,㈜위메프,[위메프서비스] Data Engineer,경력3년↑,학력무관
https://www.jobkorea.co.kr/Recruit/GI_Read/41257411?Oem_Code=C1&logpath=1&stext=러시아&listno=,㈜트랜스코스모스,[본사]DT사업본부 솔루션 기획사업 인재채용 9j2P,신입·경력,학력무관
https://www.jobkorea.co.kr/Recruit/GI_Read/41254161?Oem_Code=C1&logpath=1&stext=러시아&listno=,㈜셀바스에이아이,[셀바스AI] 인공지능 모델 개발자 채용 - 경력,경력무관,대졸↑
https://www.jobkorea.co.kr/Recruit/GI_Read/41126394?Oem_Code=C1&logpath=1&stext=러시아&listno=,에어리퀴드코리아㈜,2023년 상반기 각 분야별 채용 공고,신입·경력,고졸↑
https://www.jobkorea.co.kr/Recruit/GI_Read/41256195?Oem_Code=C1&logpath=1&stext=러시아&listno=,지니언스(주),2023년 상반기 공개채용,신입·경력,학력무관
https://www.jobkorea.co.kr/Recruit/GI_Read/41254820?Oem_Code=C1&logpath=1&stext=러시아&listno=,아이투맥스,[Salesforce/업계 1위] 클라우드 플랫폼 개발자(신입/경력) 채용,신입·경력3년↑,학력무관
https://www.jobkorea.co.kr/Recruit/GI_Read/41246721?Oem_Code=C1&logpath=1&stext=러시아&listno=,도미노피자(청오디피케이),도미노피자 각부문(자회사/관계사포함) 공개채용,신입·경력,학력무관
https://www.jobkorea.co.kr/Recruit/GI_Read/41159926?Oem_Code=C1&logpath=1&stext=러시아&listno=,㈜스노우피크코리아,2023 스노우피크 코리아 상반기 신입/경력 공개채용,신입·경력,대졸↑
https://www.jobkorea.co.kr/Recruit/GI_Read/41215925?Oem_Code=C1&logpath=1&stext=러시아&listno=,온라인팜㈜,[한미약품 관계사] 2023년 온라인팜 각 부문 신입/경력 채용,신입·경력,학력무관
https://www.jobkorea.co.kr/Recruit/GI_Read/41255254?Oem_Code=C1&logpath=1&stext=러시아&listno=,㈜인라이플,[주4.5일근무] Frontend Developer (JAVA) 채용,경력,학력무관
https://www.jobkorea.co.kr/Recruit/GI_Read/34208668?Oem_Code=C1&logpath=1&stext=러시아&listno=,㈜우아한형제들,각 부문별 경력/신입 인재영입,신입·경력,학력무관
https://www.jobkorea.co.kr/Recruit/GI_Read/41243751?Oem_Code=C1&logpath=1&stext=러시아&listno=,㈜아이디어키,[(주)아이디어키] 기획개발팀 신입/경력 채용,신입·경력1년↑,초대졸↑
https://www.jobkorea.co.kr/Recruit/GI_Read/41207559?Oem_Code=C1&logpath=1&stext=러시아&listno=,㈜이루다,2023년 상반기 각 분야별 신입/경력 직원모집,신입·경력,학력무관
https://www.jobkorea.co.kr/Recruit/GI_Read/41081739?Oem_Code=C1&logpath=1&stext=러시아&listno=,H그린파워㈜,[현대차그룹] 2023년 에이치그린파워 2회차 공개채용,경력,대졸↑
https://www.jobkorea.co.kr/Recruit/GI_Read/41254190?Oem_Code=C1&logpath=1&stext=러시아&listno=,㈜셀바스에이아이,[셀바스AI] 개발 PM 인재 채용 - 경력,경력5년↑,학력무관
https://www.jobkorea.co.kr/Recruit/GI_Read/41162487?Oem_Code=C1&logpath=1&stext=러시아&listno=,현대네트워크㈜,"회계,세무 부문 신입 및 경력사원 채용",신입·경력,대졸↑
https://www.jobkorea.co.kr/Recruit/GI_Read/41237280?Oem_Code=C1&logpath=1&stext=러시아&listno=,(주)인바디,InBody 2023년 상반기 수시채용,신입·경력,학력무관
https://www.jobkorea.co.kr/Recruit/GI_Read/41254251?Oem_Code=C1&logpath=1&stext=러시아&listno=,㈜셀바스에이아이,[셀바스AI] 음성인식 엔진 개발자 인재 채용 - 신입/경력,신입·경력2년↑,대졸↑
https://www.jobkorea.co.kr/Recruit/GI_Read/41247592?Oem_Code=C1&logpath=1&stext=러시아&listno=,리디㈜,[리디/RIDI] 프론트엔드 엔지니어(Global) 채용 중,신입·경력1년↑,학력무관
https://www.jobkorea.co.kr/Recruit/GI_Read/41209133?Oem_Code=C1&logpath=1&stext=러시아&listno=,㈜배상면주가,2023년 배상면주가 각 부문별 신입/경력 채용,신입·경력,초대졸↑
https://www.jobkorea.co.kr/Recruit/GI_Read/41135939?Oem_Code=C1&logpath=1&stext=러시아&listno=,씨앤제이컴퍼니,여기서같이일하자 (정규직/월250이상/중식제공),경력무관,학력무관
https://www.jobkorea.co.kr/Recruit/GI_Read/41142806?Oem_Code=C1&logpath=1&stext=러시아&listno=,㈜동아닷컴,2023년 동아닷컴 상반기 공채 모집,신입·경력,대졸↑
https://www.jobkorea.co.kr/Recruit/GI_Read/40979302?Oem_Code=C1&logpath=1&stext=러시아&listno=,휴먼교육센터,[전액무료] IT취업 자바/파이썬/인공지능/빅데이터 교육생 모집,신입·경력,학력무관
https://www.jobkorea.co.kr/Recruit/GI_Read/41205301?Oem_Code=C1&logpath=1&stext=러시아&listno=,브이엠에스솔루션스,[2월 채용] Python 개발자(프리랜서),경력3년↑,학력무관
https://www.jobkorea.co.kr/Recruit/GI_Read/41173655?Oem_Code=C1&logpath=1&stext=러시아&listno=,링크제니시스,차량용 SW Test 자동화 개발(Python) 및 검증,신입·경력,초대졸↑
https://www.jobkorea.co.kr/Recruit/GI_Read/41206906?Oem_Code=C1&logpath=1&stext=러시아&listno=,오상자이엘 ㈜,"프로그래머(JAVA, Python, Oracle SQL) 및 PL, PM 모집",경력무관,대졸↑
https://www.jobkorea.co.kr/Recruit/GI_Read/41232514?Oem_Code=C1&logpath=1&stext=러시아&listno=,㈜이글루코퍼레이션,연구소 IT개발(서버/백엔드/프론트엔드/Python/웹 퍼블리셔/QA 엔지니어) 대규모 채용,신입·경력1년↑,학력무관
https://www.jobkorea.co.kr/Recruit/GI_Read/40577269?Oem_Code=C1&logpath=1&stext=러시아&listno=,㈜인피닉,연구소 JAVA / PYTHON 신입 개발자 모집,신입,학력무관
https://www.jobkorea.co.kr/Recruit/GI_Read/41169941?Oem_Code=C1&logpath=1&stext=러시아&listno=,교육지대㈜,TechLab Python 개발자 채용,경력,학력무관
https://www.jobkorea.co.kr/Recruit/GI_Read/40482281?Oem_Code=C1&logpath=1&stext=러시아&listno=,한국직업전문학교,"빅데이터 플랫폼 응용 SW개발자 양성 과정 (Java, Python) 교육과정 강사모집",경력2년↑,대졸↑
https://www.jobkorea.co.kr/Recruit/GI_Read/41176430?Oem_Code=C1&logpath=1&stext=러시아&listno=,스마일게이트엔터테인먼트,인사행정지원 아르바이트 (Python 활용) 모집,신입,학력무관
https://www.jobkorea.co.kr/Recruit/GI_Read/40556621?Oem_Code=C1&logpath=1&stext=러시아&listno=,㈜위대한상상,[Python] Backend Developer (Python/Tech Lead/10년이상),경력10년↑,학력무관
https://www.jobkorea.co.kr/Recruit/GI_Read/40818902?Oem_Code=C1&logpath=1&stext=러시아&listno=,㈜포이시스,"[본사/대구] Java / Python 활용 / Android/ios/ 금융솔루션 개발자 채용 공고(경력, 신입)",신입·경력,초대졸↑
https://www.jobkorea.co.kr/Recruit/GI_Read/40787061?Oem_Code=C1&logpath=1&stext=러시아&listno=,㈜핸디소프트,[개발자채용] Python 신입/경력 모집,신입·경력,학력무관
https://www.jobkorea.co.kr/Recruit/GI_Read/41242348?Oem_Code=C1&logpath=1&stext=러시아&listno=,㈜유니포유,삼성전자 기흥 SCM Python 개발자 구인,경력8년↑,학력무관
https://www.jobkorea.co.kr/Recruit/GI_Read/41264110?Oem_Code=C1&logpath=1&stext=러시아&listno=,행복추구 패러다임㈜kcms,여의도역 자산운용 DT 업무 운영 Python 경험자를 모집 합니다. (s00),경력6년↑,초대졸↑
https://www.jobkorea.co.kr/Recruit/GI_Read/41255520?Oem_Code=C1&logpath=1&stext=러시아&listno=,디시엘,(정자) aws python Lamda 개발자(3월중순부터),경력3년↑,학력무관
https://www.jobkorea.co.kr/Recruit/GI_Read/41232110?Oem_Code=C1&logpath=1&stext=러시아&listno=,㈜디렉셔널,[Python] 데이터 엔지니어 (신입/경력) 채용,신입·경력,대졸↑
https://www.jobkorea.co.kr/Recruit/GI_Read/41176617?Oem_Code=C1&logpath=1&stext=러시아&listno=,GS건설㈜,GS건설 신사업 및 인프라 분야 정규직 경력사원 모집,경력,대졸↑
https://www.jobkorea.co.kr/Recruit/GI_Read/41258317?Oem_Code=C1&logpath=1&stext=러시아&listno=,㈜제스엔지니어링,[채용] C# S/W or Python 개발자 경력 우대,경력무관,초대졸↑
https://www.jobkorea.co.kr/Recruit/GI_Read/41074931?Oem_Code=C1&logpath=1&stext=러시아&listno=,㈜한국자격검정평가진흥원,2023년 상반기 정규직 채용,신입·경력,학력무관
https://www.jobkorea.co.kr/Recruit/GI_Read/41194155?Oem_Code=C1&logpath=1&stext=러시아&listno=,㈜슈피겐코리아,슈피겐코리아 채용연계형 인턴/경력 공개 채용,신입·경력,학력무관
https://www.jobkorea.co.kr/Recruit/GI_Read/41245998?Oem_Code=C1&logpath=1&stext=러시아&listno=,㈜하성씨앤아이,"[정자][개발][대기업] Jsp,HTML,Css,Python 개발자 모집",경력무관,학력무관
https://www.jobkorea.co.kr/Recruit/GI_Read/41196642?Oem_Code=C1&logpath=1&stext=러시아&listno=,셀트리온헬스케어,2023년도 각 부문별 채용 모집,신입·경력,
https://www.jobkorea.co.kr/Recruit/GI_Read/40573704?Oem_Code=C1&logpath=1&stext=러시아&listno=,㈜에프비인터내셔널,"[연봉3,000-5,000/복지좋음] FB인터내셔널 각분야 모집공고(생산관리/인사회계/제품기획/디자인/온라인판매관리)",신입·경력,학력무관
https://www.jobkorea.co.kr/Recruit/GI_Read/41176396?Oem_Code=C1&logpath=1&stext=러시아&listno=,오디오갤러리,2023년 상반기 각 부문별 신입 및 경력 채용,신입·경력,초대졸↑
https://www.jobkorea.co.kr/Recruit/GI_Read/41173685?Oem_Code=C1&logpath=1&stext=러시아&listno=,㈜케이티앤지,2023년 상반기 KT&G 경력사원 채용,경력,
https://www.jobkorea.co.kr/Recruit/GI_Read/41249097?Oem_Code=C1&logpath=1&stext=러시아&listno=,인텍솔루션㈜,"제조) 생산SCM업무 UI개발 - Python, R, Javascript [ 기흥 / 중,고급 ]",경력6년↑,고졸↑
https://www.jobkorea.co.kr/Recruit/GI_Read/41222616?Oem_Code=C1&logpath=1&stext=러시아&listno=,웅진식품㈜,2023 마케팅 전략기획&커뮤니케이션 (경력) 인재 영입,경력,대졸↑
https://www.jobkorea.co.kr/Recruit/GI_Read/41212418?Oem_Code=C1&logpath=1&stext=러시아&listno=,㈜현대홈쇼핑,미디어커머스 C.I.C 직무별 상시채용,경력,학력무관
https://www.jobkorea.co.kr/Recruit/GI_Read/41236070?Oem_Code=C1&logpath=1&stext=러시아&listno=,이수정보㈜,"[광화문] 정부과제 프로젝트(python/초급,중급,고급)",경력무관,초대졸↑
https://www.jobkorea.co.kr/Recruit/GI_Read/41207559?Oem_Code=C1&logpath=1&stext=러시아&listno=,㈜이루다,2023년 상반기 각 분야별 신입/경력 직원모집,신입·경력,학력무관
https://www.jobkorea.co.kr/Recruit/GI_Read/41193069?Oem_Code=C1&logpath=1&stext=러시아&listno=,㈜와이티,"python,인공지능개발자 신입채용[정규직]",신입,대졸↑
https://www.jobkorea.co.kr/Recruit/GI_Read/41212505?Oem_Code=C1&logpath=1&stext=러시아&listno=,㈜지에스아이오토모티브,python Data 전처리 업무 담당자 모집,경력무관,학력무관
https://www.jobkorea.co.kr/Recruit/GI_Read/41198141?Oem_Code=C1&logpath=1&stext=러시아&listno=,㈜허그랩,[백엔드] 파이썬 크롤러 개발자,신입·경력,학력무관
https://www.jobkorea.co.kr/Recruit/GI_Read/41229954?Oem_Code=C1&logpath=1&stext=러시아&listno=,행복쇼핑 주식회사,"REACT, PHP, PYTHON 개발자 채용",경력3년↑,초대졸↑
https://www.jobkorea.co.kr/Recruit/GI_Read/41129622?Oem_Code=C1&logpath=1&stext=러시아&listno=,기술좋은직업전문학교,[국비무료] 취업연계 교육(빅데이터&자바&파이썬),신입·경력,학력무관
https://www.jobkorea.co.kr/Recruit/GI_Read/41129032?Oem_Code=C1&logpath=1&stext=러시아&listno=,㈜인실리코젠,파이썬(Python) 신입/경력 채용,경력무관,학력무관
https://www.jobkorea.co.kr/Recruit/GI_Read/41219914?Oem_Code=C1&logpath=1&stext=러시아&listno=,이노직업전문학교,"정보기술분야(HTML, CSS, JAVA, PYTHON) 야간 및 주말 훈련교사(강사) 채용",경력무관,학력무관
https://www.jobkorea.co.kr/Recruit/GI_Read/41201143?Oem_Code=C1&logpath=1&stext=러시아&listno=,인천구월그린컴퓨터아트학원,저녁주말 JAVA / 파이썬 강사님을 모집합니다.,경력무관,초대졸↑
https://www.jobkorea.co.kr/Recruit/GI_Read/41229978?Oem_Code=C1&logpath=1&stext=러시아&listno=,㈜더블엑스소프트,파이썬 개발자(Python Developer)가 필요해요,경력3년↑,학력무관
https://www.jobkorea.co.kr/Recruit/GI_Read/41231860?Oem_Code=C1&logpath=1&stext=러시아&listno=,티에스엔랩㈜,DevOps/Python 개발자 채용,경력무관,고졸↑
https://www.jobkorea.co.kr/Recruit/GI_Read/41135933?Oem_Code=C1&logpath=1&stext=러시아&listno=,공간정보기술㈜,공간정보기술㈜ Python QGIS 개발자 경력 채용,경력,학력무관
https://www.jobkorea.co.kr/Recruit/GI_Read/41199894?Oem_Code=C1&logpath=1&stext=러시아&listno=,㈜이연에프엔씨,2023년 각 부문별 수시 채용,신입·경력,초대졸↑
https://www.jobkorea.co.kr/Recruit/GI_Read/41204280?Oem_Code=C1&logpath=1&stext=러시아&listno=,JW홀딩스㈜,"JW그룹 2023년 2차 대졸 신입/경력 정규직 정기채용 [영업/마케팅, R&D, 관리]",신입·경력,대졸↑
https://www.jobkorea.co.kr/Recruit/GI_Read/41230027?Oem_Code=C1&logpath=1&stext=러시아&listno=,㈜미래지기,"오픈소스 분석 및 개발 (Python, MongoDB, 방배역, 3개월이상 장기)",경력8년↑,학력무관
https://www.jobkorea.co.kr/Recruit/GI_Read/41196642?Oem_Code=C1&logpath=1&stext=러시아&listno=,셀트리온헬스케어,2023년도 각 부문별 채용 모집,신입·경력,
https://www.jobkorea.co.kr/Recruit/GI_Read/41191272?Oem_Code=C1&logpath=1&stext=러시아&listno=,㈜메트릭스,AI 엔지니어 채용 공고[python],경력무관,학력무관
https://www.jobkorea.co.kr/Recruit/GI_Read/41203263?Oem_Code=C1&logpath=1&stext=러시아&listno=,Naver I&S㈜,Naver I&S㈜ 및 자회사 각 부문 신입/경력 수시 채용,신입·경력,학력무관
https://www.jobkorea.co.kr/Recruit/GI_Read/41217352?Oem_Code=C1&logpath=1&stext=러시아&listno=,㈜상상할수없는,파이썬 개발자 모집 채용,경력무관,학력무관
https://www.jobkorea.co.kr/Recruit/GI_Read/41137075?Oem_Code=C1&logpath=1&stext=러시아&listno=,현대자동차㈜,현대자동차 인사실 경력 채용,경력,대졸↑
https://www.jobkorea.co.kr/Recruit/GI_Read/41213604?Oem_Code=C1&logpath=1&stext=러시아&listno=,㈜우양,각 부문별 정규직 사원 모집 - (해외영업/산업안전보건/공무/생산OP/물류/회계/환경관리부),신입·경력,학력무관
https://www.jobkorea.co.kr/Recruit/GI_Read/41177990?Oem_Code=C1&logpath=1&stext=러시아&listno=,㈜알체라,파이썬 스크립터 (Python Scripter) 모집,신입·경력,초대졸↑
https://www.jobkorea.co.kr/Recruit/GI_Read/41191992?Oem_Code=C1&logpath=1&stext=러시아&listno=,SK이노베이션,2023년 상반기 SK이노베이션 계열 경력채용,경력,학력무관
https://www.jobkorea.co.kr/Recruit/GI_Read/41151393?Oem_Code=C1&logpath=1&stext=러시아&listno=,헬리오센,헬리오센(주) Python 응용S/W 개발자 경력 채용,경력2년↑,초대졸↑
https://www.jobkorea.co.kr/Recruit/GI_Read/41173633?Oem_Code=C1&logpath=1&stext=러시아&listno=,㈜포스코케미칼,2023년 상반기 포스코케미칼 생산기술직(현장근무) 신입사원(채용형 인턴) 채용/직업훈련생 선발,신입·경력,학력무관
https://www.jobkorea.co.kr/Recruit/GI_Read/40819663?Oem_Code=C1&logpath=1&stext=러시아&listno=,에스디바이오센서㈜,2022년 하반기 공개채용,신입·경력,고졸↑
https://www.jobkorea.co.kr/Recruit/GI_Read/41212872?Oem_Code=C1&logpath=1&stext=러시아&listno=,이젠컴퓨터아카데미,자바(Java)기반 정보기술/파이썬/스프링/리엑트/반응형 웹/ 풀스택 강사구인,경력2년↑,초대졸↑
https://www.jobkorea.co.kr/Recruit/GI_Read/41165277?Oem_Code=C1&logpath=1&stext=러시아&listno=,㈜디토나인,(주)디토나인ㅣ파이썬 웹 개발 경력자 채용,경력5년↑,초대졸↑
https://www.jobkorea.co.kr/Recruit/GI_Read/41081739?Oem_Code=C1&logpath=1&stext=러시아&listno=,H그린파워㈜,[현대차그룹] 2023년 에이치그린파워 2회차 공개채용,경력,대졸↑
https://www.jobkorea.co.kr/Recruit/GI_Read/41149506?Oem_Code=C1&logpath=1&stext=러시아&listno=,㈜하이미디어컴퓨터디자인학원,하이미디어컴퓨터디자인학원(일산점) java강사를 모십니다(Java & Python을 활용한 빅데이터 서비스 개발자 양성 과정)),경력무관,학력무관
https://www.jobkorea.co.kr/Recruit/GI_Read/41172395?Oem_Code=C1&logpath=1&stext=러시아&listno=,㈜경포씨엔씨,"(중-고급/광화문/종각역/보험사)Under-Bot, Python 개발자, DjangoFrameWork",경력6년↑,학력무관
https://www.jobkorea.co.kr/Recruit/GI_Read/41243885?Oem_Code=C1&logpath=1&stext=러시아&listno=,㈜앤씨앤,"[앤씨앤/넥스트칩]2023년 3월 연구소, 영업마케팅 각 부문 신입/경력 모집",신입·경력,학력무관
https://www.jobkorea.co.kr/Recruit/GI_Read/41243689?Oem_Code=C1&logpath=1&stext=러시아&listno=,교보정보통신,[교보정보통신] IT사업 부문별 경력사원 모집 (사업 확장에 따른 인재 채용),경력2년↑,학력무관
https://www.jobkorea.co.kr/Recruit/GI_Read/41074931?Oem_Code=C1&logpath=1&stext=러시아&listno=,㈜한국자격검정평가진흥원,2023년 상반기 정규직 채용,신입·경력,학력무관
https://www.jobkorea.co.kr/Recruit/GI_Read/41201693?Oem_Code=C1&logpath=1&stext=러시아&listno=,솔브레인홀딩스㈜,솔브레인 해외주재원 인력 모집,경력무관,학력무관
https://www.jobkorea.co.kr/Recruit/GI_Read/41203263?Oem_Code=C1&logpath=1&stext=러시아&listno=,Naver I&S㈜,Naver I&S㈜ 및 자회사 각 부문 신입/경력 수시 채용,신입·경력,학력무관
https://www.jobkorea.co.kr/Recruit/GI_Read/41244146?Oem_Code=C1&logpath=1&stext=러시아&listno=,㈜푸드나무,[푸드나무] 랭킹닭컴 ERP 운영 및 내부 프로세스 효율화 담당자 채용 (경력),경력2년↑,학력무관
https://www.jobkorea.co.kr/Recruit/GI_Read/41227636?Oem_Code=C1&logpath=1&stext=러시아&listno=,㈜이지서티,[경력/정규직] (주)이지서티 플랫폼개발자 채용,신입·경력,대졸↑
https://www.jobkorea.co.kr/Recruit/GI_Read/41226587?Oem_Code=C1&logpath=1&stext=러시아&listno=,메가스터디교육㈜,[메가스터디교육] 고등이러닝 입시서비스팀 데이터파트 채용,신입·경력1년↑,학력무관
https://www.jobkorea.co.kr/Recruit/GI_Read/34208668?Oem_Code=C1&logpath=1&stext=러시아&listno=,㈜우아한형제들,각 부문별 경력/신입 인재영입,신입·경력,학력무관
https://www.jobkorea.co.kr/Recruit/GI_Read/41192184?Oem_Code=C1&logpath=1&stext=러시아&listno=,대림비앤코㈜,[대림바스] 부문별 신입 및 경력사원 채용,신입·경력,고졸↑
https://www.jobkorea.co.kr/Recruit/GI_Read/41207901?Oem_Code=C1&logpath=1&stext=러시아&listno=,한국지역난방기술,2023년도 신입 및 경력직원 공개채용,신입·경력,대졸↑
https://www.jobkorea.co.kr/Recruit/GI_Read/41239273?Oem_Code=C1&logpath=1&stext=러시아&listno=,위메이드,데이터 엔지니어,경력3년↑,학력무관
https://www.jobkorea.co.kr/Recruit/GI_Read/41234360?Oem_Code=C1&logpath=1&stext=러시아&listno=,㈜위메프,[위메프서비스] DBA,경력3년↑,학력무관
https://www.jobkorea.co.kr/Recruit/GI_Read/41238066?Oem_Code=C1&logpath=1&stext=러시아&listno=,㈜위메프,[위메프서비스] Data Analyst,경력3년↑,학력무관
https://www.jobkorea.co.kr/Recruit/GI_Read/41225500?Oem_Code=C1&logpath=1&stext=러시아&listno=,㈜인라이플,[주4.5일근무] (JAVA) Senior Back end Developer 인재채용,경력6년↑,학력무관
https://www.jobkorea.co.kr/Recruit/GI_Read/41231368?Oem_Code=C1&logpath=1&stext=러시아&listno=,㈜엔씨소프트,[엔씨소프트] NLP Research 분야 수시(3차) 모집,경력2년↑,대졸↑
https://www.jobkorea.co.kr/Recruit/GI_Read/41240154?Oem_Code=C1&logpath=1&stext=러시아&listno=,㈜한길아이티,응용 SW 개발 / 영업관리 신입/경력사원 공개채용,신입·경력,초대졸↑
https://www.jobkorea.co.kr/Recruit/GI_Read/41222820?Oem_Code=C1&logpath=1&stext=러시아&listno=,아이투맥스,[Salesforce/업계 1위] 데이터 분석/시각화(Tableau/태블로 등) 경력직(5년 이상),경력5년↑,대졸↑
https://www.jobkorea.co.kr/Recruit/GI_Read/41102935?Oem_Code=C1&logpath=1&stext=러시아&listno=,세종문화회관,2023년 사무국 일반직 공개채용,신입·경력,학력무관
https://www.jobkorea.co.kr/Recruit/GI_Read/41226245?Oem_Code=C1&logpath=1&stext=러시아&listno=,한진정보통신㈜,[한진정보통신] 대한항공 홈페이지 Front-end 개발자 모집,경력3년↑,대졸↑
https://www.jobkorea.co.kr/Recruit/GI_Read/41230744?Oem_Code=C1&logpath=1&stext=러시아&listno=,㈜이글루코퍼레이션,데이터 수집 개발 및 빅 데이터/사이버 위협 분석 채용,신입·경력1년↑,학력무관
https://www.jobkorea.co.kr/Recruit/GI_Read/41194155?Oem_Code=C1&logpath=1&stext=러시아&listno=,㈜슈피겐코리아,슈피겐코리아 채용연계형 인턴/경력 공개 채용,신입·경력,학력무관
https://www.jobkorea.co.kr/Recruit/GI_Read/41238767?Oem_Code=C1&logpath=1&stext=러시아&listno=,한일네트웍스㈜,한일네트웍스 웹개발자 채용(경력),경력4년↑,학력무관
https://www.jobkorea.co.kr/Recruit/GI_Read/41226211?Oem_Code=C1&logpath=1&stext=러시아&listno=,한진정보통신㈜,[한진정보통신] 대한항공 홈페이지 Back-end 개발자 모집,경력3년↑,대졸↑
https://www.jobkorea.co.kr/Recruit/GI_Read/41233473?Oem_Code=C1&logpath=1&stext=러시아&listno=,㈜스마일게이트홀딩스,[스마일게이트 홀딩스] [데이터플랫폼] 데이터 엔지니어 담당,경력4년↑,학력무관
https://www.jobkorea.co.kr/Recruit/GI_Read/41212418?Oem_Code=C1&logpath=1&stext=러시아&listno=,㈜현대홈쇼핑,미디어커머스 C.I.C 직무별 상시채용,경력,학력무관
https://www.jobkorea.co.kr/Recruit/GI_Read/41242603?Oem_Code=C1&logpath=1&stext=러시아&listno=,(주)마이셀럽스,[마이셀럽스] 데이터 사이언티스트(NLP) 정규직 채용,경력6년↑,대졸↑
https://www.jobkorea.co.kr/Recruit/GI_Read/41228093?Oem_Code=C1&logpath=1&stext=러시아&listno=,메가스터디교육㈜,[메가스터디교육] 러셀개발팀 웹개발자 채용,신입·경력,학력무관
https://www.jobkorea.co.kr/Recruit/GI_Read/41215501?Oem_Code=C1&logpath=1&stext=러시아&listno=,㈜경동나비엔,2023년 경동 상반기 관리/기술직 공개 채용,신입·경력,초대졸↑
https://www.jobkorea.co.kr/Recruit/GI_Read/41238749?Oem_Code=C1&logpath=1&stext=러시아&listno=,한일네트웍스㈜,한일네트웍스 안드로이드 앱 개발자 채용(경력),경력3년↑,학력무관
https://www.jobkorea.co.kr/Recruit/GI_Read/40744100?Oem_Code=C1&logpath=1&stext=러시아&listno=,미래융합교육원,"인공지능, 빅데이터, IoT 분야 (자바,파이썬) 강사 모집",경력3년↑,대졸↑
https://www.jobkorea.co.kr/Recruit/GI_Read/40678130?Oem_Code=C1&logpath=1&stext=러시아&listno=,이젠아카데미컴퓨터학원,파이썬 저녁반/주말반(2월개강) 강사님을 모십니다.,신입·경력1년↑,초대졸↑
https://www.jobkorea.co.kr/Recruit/GI_Read/40760915?Oem_Code=C1&logpath=1&stext=러시아&listno=,㈜피디정보통신,Python Back-End 프로그래머 모집,경력무관,학력무관
https://www.jobkorea.co.kr/Recruit/GI_Read/40748270?Oem_Code=C1&logpath=1&stext=러시아&listno=,이젠아이티(IT)아카데미학원,"기업출강 강사 구인(파이썬, R, 머신러닝, 딥러닝, 자연어 처리)",경력5년↑,학력무관
https://www.jobkorea.co.kr/Recruit/GI_Read/40680283?Oem_Code=C1&logpath=1&stext=러시아&listno=,㈜에이시지알,"[경력] 풀스택 (Javascript/React, Node.js/Python) 개발자 모집",경력3년↑,학력무관
https://www.jobkorea.co.kr/Recruit/GI_Read/40659604?Oem_Code=C1&logpath=1&stext=러시아&listno=,㈔스마트융합기술인재개발원,"UI/UX, 웹퍼블리셔, 자바 웹프로그래밍, 파이썬, R, 빅 데이터, AI, 안드로이드, 컴퓨터비전, 영상 Process, 클라우드, 인공지능, 딥러닝 강사 모집",경력12년↑,대졸↑
https://www.jobkorea.co.kr/Recruit/GI_Read/40679767?Oem_Code=C1&logpath=1&stext=러시아&listno=,㈜유스바이오글로벌,의료영상 개발자 모집(Python),신입·경력1년↑,대졸↑
https://www.jobkorea.co.kr/Recruit/GI_Read/40728760?Oem_Code=C1&logpath=1&stext=러시아&listno=,㈜로보그램,교육용 SW개발에 참여할 초급개발자(파이썬.opencv.텐서플로우가능)를 찾습니다,경력무관,대졸↑
https://www.jobkorea.co.kr/Recruit/GI_Read/41192184?Oem_Code=C1&logpath=1&stext=러시아&listno=,대림비앤코㈜,[대림바스] 부문별 신입 및 경력사원 채용,신입·경력,고졸↑
https://www.jobkorea.co.kr/Recruit/GI_Read/40723986?Oem_Code=C1&logpath=1&stext=러시아&listno=,㈜펫이지,개발자(PHP/Python/My SQL 등) 모집,신입·경력,초대졸↑
https://www.jobkorea.co.kr/Recruit/GI_Read/40686358?Oem_Code=C1&logpath=1&stext=러시아&listno=,에스티엔인포텍,"[경력] Web 개발/서버 개발자 모집(SpringBoot,, Java, Python)",경력3년↑,초대졸↑
https://www.jobkorea.co.kr/Recruit/GI_Read/40572975?Oem_Code=C1&logpath=1&stext=러시아&listno=,㈜한국아이티전문학원,"프로그래밍(JAVA, Python) / 디자인 / OA 분야 시간강사 채용",신입·경력1년↑,학력무관
https://www.jobkorea.co.kr/Recruit/GI_Read/40595658?Oem_Code=C1&logpath=1&stext=러시아&listno=,탐시스텍,검사관련 응용프로그램 개발직 C# C++ Python,경력5년↑,대졸↑
https://www.jobkorea.co.kr/Recruit/GI_Read/41215925?Oem_Code=C1&logpath=1&stext=러시아&listno=,온라인팜㈜,[한미약품 관계사] 2023년 온라인팜 각 부문 신입/경력 채용,신입·경력,학력무관
https://www.jobkorea.co.kr/Recruit/GI_Read/40556690?Oem_Code=C1&logpath=1&stext=러시아&listno=,시스메틱,백엔드 엔지니어 모집(Python/Javascript),경력3년↑,초대졸↑
https://www.jobkorea.co.kr/Recruit/GI_Read/40579142?Oem_Code=C1&logpath=1&stext=러시아&listno=,㈜네오넥스,"글로벌 거래소 플랫폼 개발자 채용 (Java Spring, Python, Vue.js, DevOps)",경력,학력무관
https://www.jobkorea.co.kr/Recruit/GI_Read/40575223?Oem_Code=C1&logpath=1&stext=러시아&listno=,㈜에스에프테크놀로지,"웹 자바, 파이썬 경력 개발자 구인(경력 및 신입)",경력2년↑,대졸↑
https://www.jobkorea.co.kr/Recruit/GI_Read/40556380?Oem_Code=C1&logpath=1&stext=러시아&listno=,두타위즈,"JAVA, Python 웹 개발 신입/경력 사원 모집",신입·경력,초대졸↑
https://www.jobkorea.co.kr/Recruit/GI_Read/41138222?Oem_Code=C1&logpath=1&stext=러시아&listno=,㈜지아이티,현대자동차 그룹사 (주)지아이티 상반기 대규모 수시 채용 (경력/신입),신입·경력,학력무관
https://www.jobkorea.co.kr/Recruit/GI_Read/41137998?Oem_Code=C1&logpath=1&stext=러시아&listno=,디만트코리아㈜,덴마크 의료기기 대표 기업 2023년 상반기 공개 채용,신입·경력,초대졸↑
https://www.jobkorea.co.kr/Recruit/GI_Read/40556550?Oem_Code=C1&logpath=1&stext=러시아&listno=,메가스터디아이티아카데미신촌학원,"[메가스터디IT아카데미] 프로그래밍, C언어, JAVA, Python 강사채용",경력3년↑,학력무관
https://www.jobkorea.co.kr/Recruit/GI_Read/40578941?Oem_Code=C1&logpath=1&stext=러시아&listno=,디비디스커버코리아,Python개발자/Machine Vision/이미지분석/Text 분석,경력3년↑,대졸↑
https://www.jobkorea.co.kr/Recruit/GI_Read/40536696?Oem_Code=C1&logpath=1&stext=러시아&listno=,치얼업코리아㈜,"[치코마켓] 개발직 ( Python, RPA ) 채용 공고",경력,초대졸↑
https://www.jobkorea.co.kr/Recruit/GI_Read/41176617?Oem_Code=C1&logpath=1&stext=러시아&listno=,GS건설㈜,GS건설 신사업 및 인프라 분야 정규직 경력사원 모집,경력,대졸↑
https://www.jobkorea.co.kr/Recruit/GI_Read/41118922?Oem_Code=C1&logpath=1&stext=러시아&listno=,한국해양과학기술원 부설 극지연구소,2023년 대한민국 남극과학기지 월동연구대 모집 공고,신입·경력,학력무관
https://www.jobkorea.co.kr/Recruit/GI_Read/40797077?Oem_Code=C1&logpath=1&stext=러시아&listno=,㈜선양그룹,데이터 라벨링 업무 (초보자 가능) / 서울강남 교육 후 재택근무 가능,경력무관,학력무관
https://www.jobkorea.co.kr/Recruit/GI_Read/41212220?Oem_Code=C1&logpath=1&stext=러시아&listno=,버거킹 (㈜비케이알),2023년 4차 [신입&경력&희망3040] 정규직 운영관리직(Manager)채용,신입·경력,초대졸↑
https://www.jobkorea.co.kr/Recruit/GI_Read/40564010?Oem_Code=C1&logpath=1&stext=러시아&listno=,㈜아이티존,"[경력&신입]빅데이터솔루션개발-Python,Java(정규직)",신입·경력2년↑,초대졸↑
https://www.jobkorea.co.kr/Recruit/GI_Read/41135939?Oem_Code=C1&logpath=1&stext=러시아&listno=,씨앤제이컴퍼니,여기서같이일하자 (정규직/월250이상/중식제공),경력무관,학력무관
https://www.jobkorea.co.kr/Recruit/GI_Read/40854328?Oem_Code=C1&logpath=1&stext=러시아&listno=,기아㈜,각 부문 신입/경력직 채용,신입·경력,대졸↑
https://www.jobkorea.co.kr/Recruit/GI_Read/41206906?Oem_Code=C1&logpath=1&stext=러시아&listno=,오상자이엘 ㈜,"프로그래머(JAVA, Python, Oracle SQL) 및 PL, PM 모집",경력무관,대졸↑
https://www.jobkorea.co.kr/Recruit/GI_Read/41176430?Oem_Code=C1&logpath=1&stext=러시아&listno=,스마일게이트엔터테인먼트,인사행정지원 아르바이트 (Python 활용) 모집,신입,학력무관
https://www.jobkorea.co.kr/Recruit/GI_Read/41205301?Oem_Code=C1&logpath=1&stext=러시아&listno=,브이엠에스솔루션스,[2월 채용] Python 개발자(프리랜서),경력3년↑,학력무관
https://www.jobkorea.co.kr/Recruit/GI_Read/41173655?Oem_Code=C1&logpath=1&stext=러시아&listno=,링크제니시스,차량용 SW Test 자동화 개발(Python) 및 검증,신입·경력,초대졸↑
https://www.jobkorea.co.kr/Recruit/GI_Read/41169941?Oem_Code=C1&logpath=1&stext=러시아&listno=,교육지대㈜,TechLab Python 개발자 채용,경력,학력무관
https://www.jobkorea.co.kr/Recruit/GI_Read/40577269?Oem_Code=C1&logpath=1&stext=러시아&listno=,㈜인피닉,연구소 JAVA / PYTHON 신입 개발자 모집,신입,학력무관
https://www.jobkorea.co.kr/Recruit/GI_Read/40979302?Oem_Code=C1&logpath=1&stext=러시아&listno=,휴먼교육센터,[전액무료] IT취업 자바/파이썬/인공지능/빅데이터 교육생 모집,신입·경력,학력무관
https://www.jobkorea.co.kr/Recruit/GI_Read/41258317?Oem_Code=C1&logpath=1&stext=러시아&listno=,㈜제스엔지니어링,[채용] C# S/W or Python 개발자 경력 우대,경력무관,초대졸↑
https://www.jobkorea.co.kr/Recruit/GI_Read/40787061?Oem_Code=C1&logpath=1&stext=러시아&listno=,㈜핸디소프트,[개발자채용] Python 신입/경력 모집,신입·경력,학력무관
https://www.jobkorea.co.kr/Recruit/GI_Read/40482281?Oem_Code=C1&logpath=1&stext=러시아&listno=,한국직업전문학교,"빅데이터 플랫폼 응용 SW개발자 양성 과정 (Java, Python) 교육과정 강사모집",경력2년↑,대졸↑
https://www.jobkorea.co.kr/Recruit/GI_Read/41232514?Oem_Code=C1&logpath=1&stext=러시아&listno=,㈜이글루코퍼레이션,연구소 IT개발(서버/백엔드/프론트엔드/Python/웹 퍼블리셔/QA 엔지니어) 대규모 채용,신입·경력1년↑,학력무관
https://www.jobkorea.co.kr/Recruit/GI_Read/40818902?Oem_Code=C1&logpath=1&stext=러시아&listno=,㈜포이시스,"[본사/대구] Java / Python 활용 / Android/ios/ 금융솔루션 개발자 채용 공고(경력, 신입)",신입·경력,초대졸↑
https://www.jobkorea.co.kr/Recruit/GI_Read/41264110?Oem_Code=C1&logpath=1&stext=러시아&listno=,행복추구 패러다임㈜kcms,여의도역 자산운용 DT 업무 운영 Python 경험자를 모집 합니다. (s00),경력6년↑,초대졸↑
https://www.jobkorea.co.kr/Recruit/GI_Read/41232110?Oem_Code=C1&logpath=1&stext=러시아&listno=,㈜디렉셔널,[Python] 데이터 엔지니어 (신입/경력) 채용,신입·경력,대졸↑
https://www.jobkorea.co.kr/Recruit/GI_Read/41249097?Oem_Code=C1&logpath=1&stext=러시아&listno=,인텍솔루션㈜,"제조) 생산SCM업무 UI개발 - Python, R, Javascript [ 기흥 / 중,고급 ]",경력6년↑,고졸↑
https://www.jobkorea.co.kr/Recruit/GI_Read/41236070?Oem_Code=C1&logpath=1&stext=러시아&listno=,이수정보㈜,"[광화문] 정부과제 프로젝트(python/초급,중급,고급)",경력무관,초대졸↑
https://www.jobkorea.co.kr/Recruit/GI_Read/41255520?Oem_Code=C1&logpath=1&stext=러시아&listno=,디시엘,(정자) aws python Lamda 개발자(3월중순부터),경력3년↑,학력무관
https://www.jobkorea.co.kr/Recruit/GI_Read/41242348?Oem_Code=C1&logpath=1&stext=러시아&listno=,㈜유니포유,삼성전자 기흥 SCM Python 개발자 구인,경력8년↑,학력무관
https://www.jobkorea.co.kr/Recruit/GI_Read/40556621?Oem_Code=C1&logpath=1&stext=러시아&listno=,㈜위대한상상,[Python] Backend Developer (Python/Tech Lead/10년이상),경력10년↑,학력무관
https://www.jobkorea.co.kr/Recruit/GI_Read/41209133?Oem_Code=C1&logpath=1&stext=러시아&listno=,㈜배상면주가,2023년 배상면주가 각 부문별 신입/경력 채용,신입·경력,초대졸↑
https://www.jobkorea.co.kr/Recruit/GI_Read/40819663?Oem_Code=C1&logpath=1&stext=러시아&listno=,에스디바이오센서㈜,2022년 하반기 공개채용,신입·경력,고졸↑
https://www.jobkorea.co.kr/Recruit/GI_Read/41245998?Oem_Code=C1&logpath=1&stext=러시아&listno=,㈜하성씨앤아이,"[정자][개발][대기업] Jsp,HTML,Css,Python 개발자 모집",경력무관,학력무관
https://www.jobkorea.co.kr/Recruit/GI_Read/41215656?Oem_Code=C1&logpath=1&stext=러시아&listno=,현대자동차㈜,현대자동차 커뮤니케이션센터 채용,경력,대졸↑
https://www.jobkorea.co.kr/Recruit/GI_Read/41130554?Oem_Code=C1&logpath=1&stext=러시아&listno=,국방과학연구소,'23년 상반기 임용 정규직 / 고경력 전문인력 / 개방형직위 수시 공개채용 공고,경력무관,고졸↑
https://www.jobkorea.co.kr/Recruit/GI_Read/41074931?Oem_Code=C1&logpath=1&stext=러시아&listno=,㈜한국자격검정평가진흥원,2023년 상반기 정규직 채용,신입·경력,학력무관
https://www.jobkorea.co.kr/Recruit/GI_Read/40761026?Oem_Code=C1&logpath=1&stext=러시아&listno=,㈜신세계아이앤씨,"신세계아이앤씨 SW개발/운영, 기획, 클라우드, AI, 영업, 보안 경력직 모집",경력,학력무관
https://www.jobkorea.co.kr/Recruit/GI_Read/41214175?Oem_Code=C1&logpath=1&stext=러시아&listno=,더이앤엠,2023년 각 부문 신입/경력 채용,신입·경력,학력무관
https://www.jobkorea.co.kr/Recruit/GI_Read/41215925?Oem_Code=C1&logpath=1&stext=러시아&listno=,온라인팜㈜,[한미약품 관계사] 2023년 온라인팜 각 부문 신입/경력 채용,신입·경력,학력무관
https://www.jobkorea.co.kr/Recruit/GI_Read/41135939?Oem_Code=C1&logpath=1&stext=러시아&listno=,씨앤제이컴퍼니,여기서같이일하자 (정규직/월250이상/중식제공),경력무관,학력무관
https://www.jobkorea.co.kr/Recruit/GI_Read/41159735?Oem_Code=C1&logpath=1&stext=러시아&listno=,㈜와이지-원,(인천/부평/서운공장) 생산본부 각 분야 기능직 정규직 사원 채용,경력무관,고졸↑
https://www.jobkorea.co.kr/Recruit/GI_Read/41144252?Oem_Code=C1&logpath=1&stext=러시아&listno=,교원그룹,교원그룹 2월 신입/경력 그룹 수시채용,신입·경력,학력무관
https://www.jobkorea.co.kr/Recruit/GI_Read/41138222?Oem_Code=C1&logpath=1&stext=러시아&listno=,㈜지아이티,현대자동차 그룹사 (주)지아이티 상반기 대규모 수시 채용 (경력/신입),신입·경력,학력무관
https://www.jobkorea.co.kr/Recruit/GI_Read/41119443?Oem_Code=C1&logpath=1&stext=러시아&listno=,GS네오텍㈜,2023년 GS네오텍 정규직 신입.경력사원/PJT전문직 채용,신입·경력,대졸↑
https://www.jobkorea.co.kr/Recruit/GI_Read/41138299?Oem_Code=C1&logpath=1&stext=러시아&listno=,㈜지아이티,현대자동차그룹 (주)지아이티 전장사업 검사설비 배선/회로설계 채용,경력5년↑,학력무관
https://www.jobkorea.co.kr/Recruit/GI_Read/41245214?Oem_Code=C1&logpath=1&stext=러시아&listno=,메타넷디지털㈜,2023 메타넷 그룹 경력직 공개채용,경력,학력무관
https://www.jobkorea.co.kr/Recruit/GI_Read/41191992?Oem_Code=C1&logpath=1&stext=러시아&listno=,SK이노베이션,2023년 상반기 SK이노베이션 계열 경력채용,경력,학력무관
https://www.jobkorea.co.kr/Recruit/GI_Read/41059540?Oem_Code=C1&logpath=1&stext=러시아&listno=,㈜데이타솔루션,(주)데이타솔루션 통계SW기술지원 신입사원 채용 공고,신입,초대졸↑
https://www.jobkorea.co.kr/Recruit/GI_Read/41138222?Oem_Code=C1&logpath=1&stext=러시아&listno=,㈜지아이티,현대자동차 그룹사 (주)지아이티 상반기 대규모 수시 채용 (경력/신입),신입·경력,학력무관
https://www.jobkorea.co.kr/Recruit/GI_Read/41138291?Oem_Code=C1&logpath=1&stext=러시아&listno=,㈜지아이티,현대자동차그룹 (주)지아이티 연구소 전장 프로젝트 HW/개발 및 유지보수 인재채용,신입·경력,학력무관
https://www.jobkorea.co.kr/Recruit/GI_Read/40761026?Oem_Code=C1&logpath=1&stext=러시아&listno=,㈜신세계아이앤씨,"신세계아이앤씨 SW개발/운영, 기획, 클라우드, AI, 영업, 보안 경력직 모집",경력,학력무관
https://www.jobkorea.co.kr/Recruit/GI_Read/41131691?Oem_Code=C1&logpath=1&stext=러시아&listno=,㈜휴스틸,㈜휴스틸 경력 및 신입사원 모집,신입·경력,대졸↑
https://www.jobkorea.co.kr/Recruit/GI_Read/41252368?Oem_Code=C1&logpath=1&stext=러시아&listno=,㈜아이엔지스토리,2023년 INGSTORY 개발팀 대규모 공개 채용,경력5년↑,학력무관
https://www.jobkorea.co.kr/Recruit/GI_Read/41183486?Oem_Code=C1&logpath=1&stext=러시아&listno=,㈜아성다이소,2023년 상반기 아성다이소 및 관계사 신입/경력사원 공개채용,신입·경력,대졸↑
https://www.jobkorea.co.kr/Recruit/GI_Read/40736368?Oem_Code=C1&logpath=1&stext=러시아&listno=,㈜헥토이노베이션,헥토이노베이션 직군별 인재 모집(서비스기획/사업기획/개발/UX/UI 등),신입·경력,학력무관
https://www.jobkorea.co.kr/Recruit/GI_Read/41083577?Oem_Code=C1&logpath=1&stext=러시아&listno=,엔아이티서비스㈜,[네이버계열사][NIT Service] 네이버 파이낸셜 플랫폼 운영,신입,학력무관
https://www.jobkorea.co.kr/Recruit/GI_Read/41196642?Oem_Code=C1&logpath=1&stext=러시아&listno=,셀트리온헬스케어,2023년도 각 부문별 채용 모집,신입·경력,
https://www.jobkorea.co.kr/Recruit/GI_Read/41074755?Oem_Code=C1&logpath=1&stext=러시아&listno=,현대건설㈜기술교육원,현대건설(주) 기술교육원 건설품질관리 교육생 모집,신입·경력,학력무관
https://www.jobkorea.co.kr/Recruit/GI_Read/41117588?Oem_Code=C1&logpath=1&stext=러시아&listno=,㈜대산플러스,[연봉5000/주5일/기숙사가능] 천안차암동 2교대 생산직 사원모집,경력무관,학력무관
https://www.jobkorea.co.kr/Recruit/GI_Read/40496350?Oem_Code=C1&logpath=1&stext=러시아&listno=,현대자동차㈜,[현대자동차] 울산공장 촉탁계약직(기간제) 상시 채용,신입,학력무관
https://www.jobkorea.co.kr/Recruit/GI_Read/41209133?Oem_Code=C1&logpath=1&stext=러시아&listno=,㈜배상면주가,2023년 배상면주가 각 부문별 신입/경력 채용,신입·경력,초대졸↑
https://www.jobkorea.co.kr/Recruit/GI_Read/41135562?Oem_Code=C1&logpath=1&stext=러시아&listno=,㈜플럭시티,㈜플럭시티 2023년 상반기 각 부문 채용,경력,학력무관
https://www.jobkorea.co.kr/Recruit/GI_Read/40968847?Oem_Code=C1&logpath=1&stext=러시아&listno=,㈜토마토체인,[토마토체인] 웹개발자 / Frontend 개발자 / Backend 개발자 / 정보보안담당 / Android 개발자 / IOS 개발자,신입·경력,학력무관
https://www.jobkorea.co.kr/Recruit/GI_Read/41235179?Oem_Code=C1&logpath=1&stext=러시아&listno=,㈜대우능력개발교육원,"[전액국비무료] 자바기반 웹개발자/정보시스템구축(개발,운영)/웹디자이너/웹퍼블리셔 교육생 모집",신입·경력,고졸↑
https://www.jobkorea.co.kr/Recruit/GI_Read/41252435?Oem_Code=C1&logpath=1&stext=러시아&listno=,㈜에스에이엠지엔터테인먼트,애니메이션 제작본부 분야별 신입/경력 모집,신입·경력,학력무관
https://www.jobkorea.co.kr/Recruit/GI_Read/41204280?Oem_Code=C1&logpath=1&stext=러시아&listno=,JW홀딩스㈜,"JW그룹 2023년 2차 대졸 신입/경력 정규직 정기채용 [영업/마케팅, R&D, 관리]",신입·경력,대졸↑
https://www.jobkorea.co.kr/Recruit/GI_Read/41144252?Oem_Code=C1&logpath=1&stext=러시아&listno=,교원그룹,교원그룹 2월 신입/경력 그룹 수시채용,신입·경력,학력무관
https://www.jobkorea.co.kr/Recruit/GI_Read/41202996?Oem_Code=C1&logpath=1&stext=러시아&listno=,미래에셋증권㈜,미래에셋증권 경력사원 채용,경력,학력무관
https://www.jobkorea.co.kr/Recruit/GI_Read/41199894?Oem_Code=C1&logpath=1&stext=러시아&listno=,㈜이연에프엔씨,2023년 각 부문별 수시 채용,신입·경력2년↑,초대졸↑
https://www.jobkorea.co.kr/Recruit/GI_Read/41176533?Oem_Code=C1&logpath=1&stext=러시아&listno=,엔아이티서비스㈜,"[네이버계열사][NIT Service] NAVER, LINE 서비스 플랫폼 운영",신입,학력무관
https://www.jobkorea.co.kr/Recruit/GI_Read/41052686?Oem_Code=C1&logpath=1&stext=러시아&listno=,엔테크서비스 주식회사,SW QA 엔지니어 신입 공채,신입,대졸↑
